deviceId,customerId,deviceIdentifier,registeredAt,lastSeenAt,deviceStatus
9001,1001,DEVICE-AARAV-001,2025-01-10T10:30:00+00:00,2026-08-10T09:15:00+00:00,Active
9002,1001,DEVICE-AARAV-002,2026-02-12T11:00:00+00:00,2026-08-09T18:20:00+00:00,Inactive
9003,1002,DEVICE-PRIYA-001,2024-07-20T08:45:00+00:00,2026-08-10T08:10:00+00:00,Active
9004,1003,DEVICE-ROHAN-001,2023-05-14T12:00:00+00:00,2026-08-08T21:30:00+00:00,Blocked
9005,1004,DEVICE-SNEHA-001,2025-11-03T07:30:00+00:00,2026-08-07T17:45:00+00:00,Active
9006,1005,DEVICE-VIKRAM-001,2024-10-18T09:00:00+00:00,2026-08-08T14:20:00+00:00,Retired
9007,1006,DEVICE-NEHA-001,2024-03-15T09:30:00+00:00,2026-08-10T10:05:00+00:00,Active
9008,1007,DEVICE-KARAN-001,2025-06-22T14:15:00+00:00,2026-08-09T20:40:00+00:00,Active
9009,1008,DEVICE-MEERA-001,2023-12-11T06:50:00+00:00,2026-08-10T07:55:00+00:00,Active
